,factory,,,,,,,,,,,,,,,,,,
kernel,linear,,,,,,rbf,,,,,,kernel,rbf,,,,,
c,c=0.5,,c=1,,c=5,,c=0.5,,c=1,,c=5,,c,c=0.5,,c=1,,c=5,
features,single,reverse,single,reverse,single,reverse,single,reverse,single,reverse,single,reverse,features,single,reverse,single,reverse,single,reverse
A,92.383,92.2742,92.383,92.2742,92.383,92.2742,95.8651,92.383,95.8651,92.383,95.8651,92.383,A,95.8651,92.383,95.8651,92.383,95.8651,92.383
B,92.383,92.2742,88.901,92.2742,88.901,92.2742,92.383,92.383,92.383,92.383,94.8857,92.383,B,92.383,92.383,92.383,92.383,94.8857,92.383
C,92.383,92.2742,92.383,92.2742,92.383,92.2742,92.383,92.383,92.383,92.383,92.383,92.383,C,92.383,92.383,92.383,92.383,92.383,92.383
D,92.383,92.2742,92.383,92.2742,92.383,92.2742,92.383,92.383,92.383,92.383,92.383,92.383,D,92.383,92.383,92.383,92.383,92.383,92.383
E,92.383,91.0773,92.383,91.0773,92.383,91.0773,93.6888,92.383,93.6888,92.383,93.6888,92.383,E,93.6888,92.383,93.6888,92.383,93.6888,92.383
F,93.6888,91.0773,93.6888,91.0773,93.6888,91.0773,95.8651,92.383,95.8651,92.383,95.8651,92.383,F,95.8651,92.383,95.8651,92.383,95.8651,92.383
G,27.4211,88.5745,27.4211,88.5745,36.3439,88.5745,93.9064,92.383,93.9064,92.383,93.9064,92.383,G,93.9064,92.383,93.9064,92.383,93.9064,92.383
H,84.5484,90.8596,84.5484,90.8596,83.2427,84.8749,92.383,92.383,92.383,92.383,92.383,92.383,H,92.383,92.383,92.383,92.383,92.383,92.383
I,83.2427,91.0773,75.4081,91.0773,75.4081,91.0773,92.383,92.383,92.383,92.383,92.383,92.383,I,92.383,92.383,92.383,92.383,92.383,92.383
J,92.383,92.2742,92.383,92.2742,92.383,92.2742,92.383,92.383,92.383,92.383,92.383,92.383,J,92.383,92.383,92.383,92.383,92.383,92.383
K,93.6888,91.0773,93.6888,91.0773,93.6888,91.0773,95.8651,92.383,95.8651,92.383,95.8651,92.383,K,95.8651,92.383,95.8651,92.383,95.8651,92.383
L,21.5452,84.3308,21.5452,84.3308,54.2982,84.3308,92.383,92.383,92.383,92.383,92.383,92.383,L,92.383,92.383,92.383,92.383,92.383,92.383
M,92.383,92.2742,92.383,92.2742,92.383,92.2742,92.383,92.383,92.383,92.383,92.383,92.383,M,92.383,92.383,92.383,92.383,92.383,92.383
N,92.383,92.2742,92.383,92.2742,92.383,92.2742,92.383,92.383,92.383,92.383,92.383,92.383,N,92.383,92.383,92.383,92.383,92.383,92.383
O,92.383,92.2742,92.383,92.2742,92.383,92.2742,92.383,92.383,92.383,92.383,92.383,92.383,O,92.383,92.383,92.383,92.383,92.383,92.383
P,92.383,92.2742,92.383,92.2742,92.383,92.2742,92.383,92.383,92.383,92.383,92.383,92.383,P,92.383,92.383,92.383,92.383,92.383,92.383
Q,92.383,92.2742,92.383,92.2742,92.383,92.2742,92.383,92.383,92.383,92.383,92.383,92.383,Q,92.383,92.383,92.383,92.383,92.383,92.383
R,79.2165,92.2742,82.9162,92.2742,89.5539,92.2742,92.383,92.383,92.383,92.383,94.7769,92.383,R,92.383,92.383,92.383,92.383,94.7769,92.383
S,92.383,92.2742,92.383,92.2742,92.383,92.2742,92.383,92.383,92.383,92.383,92.383,92.383,S,92.383,92.383,92.383,92.383,92.383,92.383
T,92.383,86.5071,92.383,86.5071,92.383,86.5071,91.9478,92.383,92.0566,92.383,91.1861,92.383,T,91.9478,92.383,92.0566,92.383,91.1861,92.383
U,92.383,92.2742,92.383,92.2742,92.383,92.2742,92.383,92.383,92.383,92.383,92.383,92.383,U,92.383,92.383,92.383,92.383,92.383,92.383
V,92.383,92.2742,92.383,92.2742,92.383,92.2742,92.383,92.383,92.383,92.383,92.383,92.383,V,92.383,92.383,92.383,92.383,92.383,92.383
W,92.383,92.2742,92.383,92.2742,92.383,92.2742,92.383,92.383,92.1654,92.383,92.0566,92.383,W,92.383,92.383,92.1654,92.383,92.0566,92.383
X,92.383,92.2742,92.383,92.2742,92.383,92.2742,92.383,92.383,92.383,92.383,92.383,92.383,X,92.383,92.383,92.383,92.383,92.383,92.383
Y,92.383,92.2742,92.383,92.2742,92.383,92.2742,92.383,92.383,92.383,92.383,92.383,92.383,Y,92.383,92.383,92.383,92.383,92.383,92.383
Z,92.383,92.2742,92.383,92.2742,92.383,92.2742,92.383,92.383,92.383,92.383,92.383,92.383,Z,92.383,92.383,92.383,92.383,92.383,92.383
AA,92.383,92.2742,92.383,92.2742,92.383,92.2742,92.383,92.383,92.383,92.383,92.383,92.383,AA,92.383,92.383,92.383,92.383,92.383,92.383
AB,92.383,92.2742,92.383,92.2742,92.383,92.2742,92.383,92.383,92.383,92.383,92.383,92.383,AB,92.383,92.383,92.383,92.383,92.383,92.383
AC,92.383,92.2742,92.383,92.2742,92.383,92.2742,92.383,92.383,92.383,92.383,92.383,92.383,AC,92.383,92.383,92.383,92.383,92.383,92.383
AD,92.383,92.2742,92.383,92.2742,92.383,92.2742,92.383,92.383,92.383,92.383,92.383,92.383,AD,92.383,92.383,92.383,92.383,92.383,92.383
AE,92.383,92.2742,92.383,92.2742,92.383,92.2742,92.383,92.383,92.383,92.383,92.0566,92.383,AE,92.383,92.383,92.383,92.383,92.0566,92.383
AF,93.6888,92.2742,93.6888,92.2742,93.6888,92.2742,93.6888,92.383,93.6888,92.383,93.6888,92.383,AF,93.6888,92.383,93.6888,92.383,93.6888,92.383
AG,100,92.2742,100,92.2742,100,92.2742,100,92.383,100,92.383,100,92.383,AG,100,92.383,100,92.383,100,92.383
AH,92.383,92.2742,92.383,92.2742,92.383,92.2742,92.383,92.383,92.383,92.383,92.383,92.383,AH,92.383,92.383,92.383,92.383,92.383,92.383
AI,92.383,92.2742,92.383,92.2742,92.383,92.2742,92.383,92.383,92.383,92.383,92.383,92.383,AI,92.383,92.383,92.383,92.383,92.383,92.383
AJ,86.9423,92.2742,92.383,92.2742,92.383,92.2742,92.383,92.383,91.7301,92.383,89.6627,92.383,AJ,92.383,92.383,91.7301,92.383,89.6627,92.383
AK,92.383,92.2742,92.383,92.2742,92.383,92.2742,94.4505,92.383,95.4298,92.383,95.4298,92.383,AK,94.4505,92.383,95.4298,92.383,95.4298,92.383
AL,92.383,92.2742,92.383,92.2742,92.383,92.2742,92.383,92.383,92.383,92.383,92.383,92.383,AL,92.383,92.383,92.383,92.383,92.383,92.383
AM,92.383,92.2742,92.383,92.2742,92.383,92.2742,92.383,92.383,92.383,92.383,92.383,92.383,AM,92.383,92.383,92.383,92.383,92.383,92.383
AN,92.383,92.2742,92.383,92.2742,92.383,92.2742,92.383,92.383,92.383,92.383,92.383,92.383,AN,92.383,92.383,92.383,92.383,92.383,92.383
AO,12.1872,86.5071,14.6899,86.5071,13.3841,86.5071,93.6888,92.383,93.6888,92.383,93.6888,92.383,AO,93.6888,92.383,93.6888,92.383,93.6888,92.383
AP,92.383,92.2742,92.383,92.2742,92.383,92.2742,92.383,92.383,91.2949,92.383,90.8596,92.383,AP,92.383,92.383,91.2949,92.383,90.8596,92.383
AQ,93.6888,91.0773,93.6888,91.0773,93.6888,91.0773,93.6888,92.383,93.6888,92.383,93.6888,92.383,AQ,93.6888,92.383,93.6888,92.383,93.6888,92.383
AR,92.383,92.2742,92.383,92.2742,92.383,92.2742,92.383,92.383,92.383,92.383,92.383,92.383,AR,92.383,92.383,92.383,92.383,92.383,92.383
AS,92.383,92.2742,92.383,92.2742,92.383,92.2742,92.383,92.383,92.383,92.383,92.383,92.383,AS,92.383,92.383,92.383,92.383,92.383,92.383
AT,92.383,92.2742,92.383,92.2742,92.383,92.2742,92.383,92.383,92.383,92.383,92.383,92.383,AT,92.383,92.383,92.383,92.383,92.383,92.383
AU,57.2361,92.2742,57.2361,92.2742,43.9608,92.383,90.2067,92.383,80.8487,92.383,80.8487,92.383,AU,90.2067,92.383,80.8487,92.383,80.8487,92.383
AV,92.383,92.2742,92.383,92.2742,92.383,92.2742,92.383,92.383,92.383,92.383,92.383,92.383,AV,92.383,92.383,92.383,92.383,92.383,92.383
AW,92.383,92.2742,92.383,92.2742,92.383,92.2742,92.383,92.383,92.383,92.383,92.383,92.383,AW,92.383,92.383,92.383,92.383,92.383,92.383
AX,92.383,92.2742,92.383,92.2742,92.383,92.2742,92.383,92.383,92.383,92.383,92.383,92.383,AX,92.383,92.383,92.383,92.383,92.383,92.383
AY,27.4211,88.5745,27.4211,88.5745,36.3439,88.5745,93.9064,92.383,93.9064,92.383,93.9064,92.383,AY,93.9064,92.383,93.9064,92.383,93.9064,92.383
AZ,92.383,92.2742,92.383,92.2742,92.383,92.2742,92.383,92.383,91.0773,92.383,90.642,92.383,AZ,92.383,92.383,91.0773,92.383,90.642,92.383
BA,93.0359,92.2742,93.0359,92.2742,93.0359,92.2742,93.6888,92.383,93.6888,92.383,93.6888,92.383,BA,93.6888,92.383,93.6888,92.383,93.6888,92.383
BB,92.383,92.2742,92.383,92.2742,92.383,92.2742,92.383,92.383,92.383,92.383,92.383,92.383,BB,92.383,92.383,92.383,92.383,92.383,92.383
BC,92.383,92.2742,92.383,92.2742,92.383,92.2742,92.383,92.383,92.383,92.383,92.383,92.383,BC,92.383,92.383,92.383,92.383,92.383,92.383
BD,92.383,92.2742,92.383,92.2742,92.383,92.2742,92.383,92.383,92.383,92.383,92.383,92.383,BD,92.383,92.383,92.383,92.383,92.383,92.383
BE,92.383,92.2742,92.383,92.2742,92.383,92.2742,92.383,92.383,92.383,92.383,92.383,92.383,BE,92.383,92.383,92.383,92.383,92.383,92.383
BF,92.383,92.2742,92.383,92.2742,92.383,92.2742,92.383,92.383,92.383,92.383,92.383,92.383,BF,92.383,92.383,92.383,92.383,92.383,92.383
BG,92.383,92.2742,92.383,92.2742,92.383,92.2742,92.383,92.383,92.383,92.383,92.383,92.383,BG,92.383,92.383,92.383,92.383,92.383,92.383
BH,92.383,92.2742,92.383,92.2742,92.383,92.2742,93.58,92.383,93.2535,92.383,92.8183,92.383,BH,93.58,92.383,93.2535,92.383,92.8183,92.383
BI,92.383,92.2742,92.383,92.2742,92.383,92.2742,92.383,92.383,92.383,92.383,92.383,92.383,BI,92.383,92.383,92.383,92.383,92.383,92.383
BJ,92.383,92.2742,92.383,92.2742,92.383,92.2742,92.383,92.383,92.383,92.383,92.383,92.383,BJ,92.383,92.383,92.383,92.383,92.383,92.383
BK,92.383,92.2742,92.383,92.2742,92.383,92.2742,92.383,92.383,92.383,92.383,92.383,92.383,BK,92.383,92.383,92.383,92.383,92.383,92.383
BL,92.383,91.0773,92.383,91.0773,92.383,91.0773,93.1447,92.383,93.2535,92.383,93.2535,92.383,BL,93.1447,92.383,93.2535,92.383,93.2535,92.383
BM,92.383,92.2742,92.383,92.2742,92.383,92.2742,92.383,92.383,92.383,92.383,92.383,92.383,BM,92.383,92.383,92.383,92.383,92.383,92.383
BN,92.383,92.2742,92.383,92.2742,92.383,92.2742,92.383,92.383,92.383,92.383,92.383,92.383,BN,92.383,92.383,92.383,92.383,92.383,92.383
BO,92.383,92.2742,92.383,92.2742,92.383,92.2742,92.383,92.383,92.383,92.383,92.383,92.383,BO,92.383,92.383,92.383,92.383,92.383,92.383
BP,92.383,92.2742,92.383,92.2742,92.383,92.2742,92.383,92.383,92.383,92.383,92.383,92.383,BP,92.383,92.383,92.383,92.383,92.383,92.383
BQ,92.383,92.2742,92.383,92.2742,92.383,92.2742,92.383,92.383,92.383,92.383,92.383,92.383,BQ,92.383,92.383,92.383,92.383,92.383,92.383
BR,92.383,92.2742,92.383,92.2742,92.383,92.2742,92.383,92.383,92.383,92.383,92.383,92.383,BR,92.383,92.383,92.383,92.383,92.383,92.383
BS,92.383,92.2742,92.383,92.2742,92.383,92.2742,92.383,92.383,92.383,92.383,92.383,92.383,BS,92.383,92.383,92.383,92.383,92.383,92.383
BT,92.383,92.2742,92.383,92.2742,92.383,92.2742,92.383,92.383,92.383,92.383,92.383,92.383,BT,92.383,92.383,92.383,92.383,92.383,92.383
BU,92.383,92.2742,92.383,92.2742,92.383,92.2742,92.383,92.383,92.383,92.383,92.383,92.383,BU,92.383,92.383,92.383,92.383,92.383,92.383
BV,92.383,92.2742,92.383,92.2742,92.383,92.2742,92.383,92.383,92.383,92.383,92.383,92.383,BV,92.383,92.383,92.383,92.383,92.383,92.383
BW,92.383,92.2742,92.383,92.2742,92.383,92.2742,92.383,92.383,92.383,92.383,92.383,92.383,BW,92.383,92.383,92.383,92.383,92.383,92.383
BX,92.383,92.2742,92.383,92.2742,92.383,92.2742,92.383,92.383,92.383,92.383,92.383,92.383,BX,92.383,92.383,92.383,92.383,92.383,92.383
BY,92.383,92.2742,92.383,92.2742,92.383,92.2742,92.383,92.383,92.383,92.383,92.383,92.383,BY,92.383,92.383,92.383,92.383,92.383,92.383
BZ,92.383,92.2742,92.383,92.2742,92.383,92.2742,92.383,92.383,92.383,92.383,92.383,92.383,BZ,92.383,92.383,92.383,92.383,92.383,92.383
CA,92.383,92.2742,92.383,92.2742,92.383,92.2742,92.383,92.383,92.383,92.383,92.383,92.383,CA,92.383,92.383,92.383,92.383,92.383,92.383
CB,92.383,92.2742,92.383,92.2742,92.383,92.2742,92.383,92.383,92.383,92.383,92.383,92.383,CB,92.383,92.383,92.383,92.383,92.383,92.383
CC,92.383,92.2742,92.383,92.2742,92.383,92.2742,92.383,92.383,92.383,92.383,92.383,92.383,CC,92.383,92.383,92.383,92.383,92.383,92.383
CD,92.383,92.2742,92.383,92.2742,92.383,92.2742,92.383,92.383,92.383,92.383,92.383,92.383,CD,92.383,92.383,92.383,92.383,92.383,92.383
CE,92.383,92.2742,92.383,92.2742,92.383,92.2742,92.383,92.383,92.383,92.383,92.383,92.383,CE,92.383,92.383,92.383,92.383,92.383,92.383
CF,92.383,92.2742,92.383,92.2742,92.383,92.2742,92.383,92.383,92.383,92.383,92.383,92.383,CF,92.383,92.383,92.383,92.383,92.383,92.383
CG,92.383,92.2742,92.383,92.2742,92.383,92.2742,92.383,92.383,92.383,92.383,92.383,92.383,CG,92.383,92.383,92.383,92.383,92.383,92.383
CH,92.383,92.2742,92.383,92.2742,92.383,92.2742,92.383,92.383,92.383,92.383,92.383,92.383,CH,92.383,92.383,92.383,92.383,92.383,92.383
CI,92.383,91.0773,92.383,91.0773,92.383,91.0773,92.383,92.383,92.383,92.383,92.383,92.383,CI,92.383,92.383,92.383,92.383,92.383,92.383
CJ,92.383,91.0773,92.383,91.0773,92.383,91.0773,92.383,92.383,92.383,92.383,92.383,92.383,CJ,92.383,92.383,92.383,92.383,92.383,92.383
CK,92.383,92.2742,92.383,91.0773,92.383,92.2742,92.383,92.383,92.383,92.383,92.383,92.383,CK,92.383,92.383,92.383,92.383,92.383,92.383
CL,92.383,92.2742,92.383,91.0773,92.383,92.2742,92.383,92.383,92.383,92.383,92.383,92.383,CL,92.383,92.383,92.383,92.383,92.383,92.383
CM,92.383,92.2742,92.383,92.2742,92.383,92.2742,92.383,92.383,92.383,92.383,92.383,92.383,CM,92.383,92.383,92.383,92.383,92.383,92.383
CN,92.383,92.2742,92.383,92.2742,92.383,92.2742,92.383,92.383,92.383,92.383,92.383,92.383,CN,92.383,92.383,92.383,92.383,92.383,92.383
CO,92.383,92.2742,92.383,92.2742,92.383,92.2742,92.383,92.383,92.383,92.383,92.383,92.383,CO,92.383,92.383,92.383,92.383,92.383,92.383
CP,92.383,92.2742,92.383,92.2742,92.383,92.2742,92.383,92.383,92.383,92.383,92.383,92.383,CP,92.383,92.383,92.383,92.383,92.383,92.383
CQ,92.383,92.2742,92.383,92.2742,92.383,92.2742,92.383,92.383,92.383,92.383,92.383,92.383,CQ,92.383,92.383,92.383,92.383,92.383,92.383
CR,92.383,92.2742,92.383,92.2742,92.383,92.2742,92.383,92.383,92.383,92.383,92.383,92.383,CR,92.383,92.383,92.383,92.383,92.383,92.383
CS,92.383,92.2742,92.383,92.2742,92.383,92.2742,92.383,92.383,92.383,92.383,92.383,92.383,CS,92.383,92.383,92.383,92.383,92.383,92.383
CT,92.383,92.2742,92.383,92.2742,92.383,92.2742,92.383,92.383,92.383,92.383,92.383,92.383,CT,92.383,92.383,92.383,92.383,92.383,92.383
CU,92.383,92.2742,92.383,92.2742,92.383,92.2742,92.383,92.383,92.383,92.383,92.383,92.383,CU,92.383,92.383,92.383,92.383,92.383,92.383
CV,92.383,92.2742,92.383,92.2742,92.383,92.2742,92.383,92.383,92.383,92.383,92.383,92.383,CV,92.383,92.383,92.383,92.383,92.383,92.383
CW,92.383,92.2742,92.383,92.2742,92.383,92.2742,92.383,92.383,92.383,92.383,92.383,92.383,CW,92.383,92.383,92.383,92.383,92.383,92.383
CX,92.383,92.2742,92.383,92.2742,92.383,92.2742,92.383,92.383,92.383,92.383,92.383,92.383,CX,92.383,92.383,92.383,92.383,92.383,92.383
CY,92.383,92.2742,92.383,92.2742,92.383,92.2742,92.383,92.383,92.383,92.383,92.383,92.383,CY,92.383,92.383,92.383,92.383,92.383,92.383
CZ,92.383,92.2742,92.383,92.2742,92.383,92.2742,92.383,92.383,92.383,92.383,92.383,92.383,CZ,92.383,92.383,92.383,92.383,92.383,92.383
DA,92.383,91.0773,92.383,91.0773,92.383,91.0773,96.518,92.383,96.3003,92.383,96.518,92.383,DA,96.518,92.383,96.3003,92.383,96.518,92.383
DB,92.383,92.2742,92.383,92.2742,92.383,92.2742,92.383,92.383,92.383,92.383,92.383,92.383,DB,92.383,92.383,92.383,92.383,92.383,92.383
DC,92.383,91.0773,92.383,91.0773,92.383,91.0773,92.383,92.383,93.4712,92.383,93.3624,92.383,DC,92.383,92.383,93.4712,92.383,93.3624,92.383
DD,92.383,92.2742,92.383,92.2742,92.383,92.2742,92.383,92.383,92.383,92.383,92.383,92.383,DD,92.383,92.383,92.383,92.383,92.383,92.383
DE,92.383,92.2742,92.383,92.2742,92.383,92.2742,92.2742,92.383,92.383,92.383,92.1654,92.383,DE,92.2742,92.383,92.383,92.383,92.1654,92.383
DF,92.383,91.0773,92.383,91.0773,92.383,91.0773,92.383,92.383,92.383,92.383,92.383,92.383,DF,92.383,92.383,92.383,92.383,92.383,92.383
DG,92.383,92.2742,92.383,92.2742,92.383,92.2742,92.383,92.383,92.383,92.383,92.383,92.383,DG,92.383,92.383,92.383,92.383,92.383,92.383
DH,92.383,92.2742,92.383,92.2742,92.383,92.2742,92.2742,92.383,92.1654,92.383,92.4918,92.383,DH,92.2742,92.383,92.1654,92.383,92.4918,92.383
DI,92.383,91.0773,92.383,91.0773,92.383,91.0773,92.1654,92.383,92.1654,92.383,91.9478,92.383,DI,92.1654,92.383,92.1654,92.383,91.9478,92.383
DJ,92.383,91.0773,92.383,91.0773,92.383,91.0773,92.2742,92.383,92.0566,92.383,91.5125,92.383,DJ,92.2742,92.383,92.0566,92.383,91.5125,92.383
DK,92.383,91.0773,92.383,91.0773,92.383,91.0773,92.2742,92.383,92.0566,92.383,92.383,92.383,DK,92.2742,92.383,92.0566,92.383,92.383,92.383
DL,92.383,91.0773,92.383,91.0773,92.383,91.0773,92.383,92.383,92.1654,92.383,91.6213,92.383,DL,92.383,92.383,92.1654,92.383,91.6213,92.383
DM,92.383,92.2742,92.383,92.2742,92.383,92.2742,92.0566,92.383,91.9478,92.383,91.6213,92.383,DM,92.0566,92.383,91.9478,92.383,91.6213,92.383
DN,92.383,92.2742,92.383,92.2742,92.383,92.2742,92.383,92.383,92.383,92.383,91.9478,92.383,DN,92.383,92.383,92.383,92.383,91.9478,92.383
DO,92.383,92.2742,92.383,92.2742,92.383,92.2742,92.383,92.383,92.383,92.383,91.7301,92.383,DO,92.383,92.383,92.383,92.383,91.7301,92.383
DP,92.383,91.0773,92.383,91.0773,92.383,91.0773,92.0566,92.383,92.1654,92.383,91.7301,92.383,DP,92.0566,92.383,92.1654,92.383,91.7301,92.383
DQ,92.383,91.0773,92.383,91.0773,92.383,91.0773,92.7095,92.383,93.1447,92.383,93.9064,92.383,DQ,92.7095,92.383,93.1447,92.383,93.9064,92.383
DR,92.383,91.0773,92.383,91.0773,92.383,91.0773,92.383,92.383,92.2742,92.383,91.839,92.383,DR,92.383,92.383,92.2742,92.383,91.839,92.383
DS,92.383,92.2742,92.383,92.2742,92.383,92.2742,92.383,92.383,92.6007,92.383,92.4918,92.383,DS,92.383,92.383,92.6007,92.383,92.4918,92.383
DT,92.383,92.2742,92.383,92.2742,92.383,92.2742,92.2742,92.383,92.0566,92.383,91.5125,92.383,DT,92.2742,92.383,92.0566,92.383,91.5125,92.383
DU,92.383,92.2742,92.383,92.2742,92.383,92.2742,91.9478,92.383,92.0566,92.383,91.5125,92.383,DU,91.9478,92.383,92.0566,92.383,91.5125,92.383
DV,92.383,92.2742,92.383,92.2742,92.383,92.2742,92.0566,92.383,92.2742,92.383,91.4037,92.383,DV,92.0566,92.383,92.2742,92.383,91.4037,92.383
DW,92.383,92.2742,92.383,92.2742,92.383,92.2742,92.383,92.383,92.7095,92.383,92.2742,92.383,DW,92.383,92.383,92.7095,92.383,92.2742,92.383
DX,92.383,92.2742,92.383,92.2742,92.383,92.2742,92.2742,92.383,91.839,92.383,91.4037,92.383,DX,92.2742,92.383,91.839,92.383,91.4037,92.383
DY,92.383,92.2742,92.383,92.2742,92.383,92.2742,92.383,92.383,92.383,92.383,92.383,92.383,DY,92.383,92.383,92.383,92.383,92.383,92.383
DZ,92.383,92.2742,92.383,92.2742,92.383,92.2742,92.383,92.383,92.383,92.383,92.383,92.383,DZ,92.383,92.383,92.383,92.383,92.383,92.383
EA,92.383,92.2742,92.383,92.2742,92.383,92.2742,92.383,92.383,92.383,92.383,92.383,92.383,EA,92.383,92.383,92.383,92.383,92.383,92.383
EB,92.383,92.2742,92.383,92.2742,92.383,92.2742,92.383,92.383,92.383,92.383,92.383,92.383,EB,92.383,92.383,92.383,92.383,92.383,92.383
EC,92.383,92.2742,92.383,92.2742,92.383,92.2742,92.383,92.383,92.383,92.383,92.383,92.383,EC,92.383,92.383,92.383,92.383,92.383,92.383
ED,92.383,92.2742,92.383,92.2742,92.383,92.2742,92.383,92.383,92.383,92.383,92.383,92.383,ED,92.383,92.383,92.383,92.383,92.383,92.383
EE,92.383,92.2742,92.383,92.2742,92.383,92.2742,92.383,92.383,92.383,92.383,92.383,92.383,EE,92.383,92.383,92.383,92.383,92.383,92.383
EF,92.383,92.2742,92.383,92.2742,92.383,92.2742,92.383,92.383,92.383,92.383,92.383,92.383,EF,92.383,92.383,92.383,92.383,92.383,92.383
EG,92.383,92.2742,92.383,92.2742,92.383,92.2742,92.383,92.383,92.383,92.383,92.383,92.383,EG,92.383,92.383,92.383,92.383,92.383,92.383
EH,92.383,92.2742,92.383,92.2742,92.383,92.2742,92.383,92.383,92.383,92.383,92.383,92.383,EH,92.383,92.383,92.383,92.383,92.383,92.383
EI,92.383,92.2742,92.383,92.2742,92.383,92.2742,92.383,92.383,92.383,92.383,92.383,92.383,EI,92.383,92.383,92.383,92.383,92.383,92.383
EJ,92.383,92.2742,92.383,92.2742,92.383,92.2742,92.383,92.383,92.383,92.383,92.383,92.383,EJ,92.383,92.383,92.383,92.383,92.383,92.383
EK,92.383,92.2742,92.383,92.2742,92.383,92.2742,92.383,92.383,92.383,92.383,92.383,92.383,EK,92.383,92.383,92.383,92.383,92.383,92.383
EL,92.383,92.2742,92.383,92.2742,92.383,92.2742,92.383,92.383,92.383,92.383,92.383,92.383,EL,92.383,92.383,92.383,92.383,92.383,92.383
EM,92.383,92.2742,92.383,92.2742,92.383,92.2742,92.383,92.383,92.383,92.383,92.383,92.383,EM,92.383,92.383,92.383,92.383,92.383,92.383
EN,92.383,92.2742,92.383,92.2742,92.383,92.2742,92.383,92.383,92.383,92.383,92.383,92.383,EN,92.383,92.383,92.383,92.383,92.383,92.383
EO,92.383,92.2742,92.383,92.2742,92.383,92.2742,92.383,92.383,92.383,92.383,92.383,92.383,EO,92.383,92.383,92.383,92.383,92.383,92.383
EP,21.5452,62.1328,21.5452,62.1328,21.5452,62.1328,93.9064,92.383,92.383,92.383,92.383,92.383,EP,93.9064,92.383,92.383,92.383,92.383,92.383
EQ,92.383,92.2742,92.383,92.2742,92.383,92.2742,92.383,92.383,92.383,92.383,92.383,92.383,EQ,92.383,92.383,92.383,92.383,92.383,92.383
ER,92.383,92.2742,92.383,92.2742,92.383,92.2742,92.383,92.383,92.383,92.383,92.383,92.383,ER,92.383,92.383,92.383,92.383,92.383,92.383
ES,92.383,91.0773,92.383,91.0773,92.383,91.0773,92.383,92.383,92.383,92.383,92.383,92.383,ES,92.383,92.383,92.383,92.383,92.383,92.383
ET,92.383,92.2742,92.383,92.2742,92.383,92.2742,92.383,92.383,92.383,92.383,92.383,92.383,ET,92.383,92.383,92.383,92.383,92.383,92.383
EU,93.9064,92.2742,93.9064,92.2742,93.9064,92.2742,93.9064,92.383,93.9064,92.383,93.9064,92.383,EU,93.9064,92.383,93.9064,92.383,93.9064,92.383
EV,92.383,92.2742,92.383,92.2742,92.383,92.2742,92.383,92.383,92.383,92.383,92.383,92.383,EV,92.383,92.383,92.383,92.383,92.383,92.383
EW,92.383,92.2742,92.383,92.2742,92.383,92.2742,93.9064,92.383,93.9064,92.383,93.9064,92.383,EW,93.9064,92.383,93.9064,92.383,93.9064,92.383
EX,92.383,91.0773,92.383,91.0773,92.383,91.0773,92.383,92.383,92.383,92.383,92.383,92.383,EX,92.383,92.383,92.383,92.383,92.383,92.383
EY,92.383,92.2742,92.383,92.2742,92.383,92.2742,92.383,92.383,92.383,92.383,92.383,92.383,EY,92.383,92.383,92.383,92.383,92.383,92.383
EZ,67.0294,92.383,67.0294,92.383,67.0294,92.383,94.124,92.383,94.124,92.383,94.124,92.383,EZ,94.124,92.383,94.124,92.383,94.124,92.383
FA,92.383,92.2742,92.383,92.2742,92.383,92.2742,92.383,92.383,92.383,92.383,92.383,92.383,FA,92.383,92.383,92.383,92.383,92.383,92.383
FB,92.383,92.2742,92.383,92.2742,92.383,92.2742,92.383,92.383,92.383,92.383,92.383,92.383,FB,92.383,92.383,92.383,92.383,92.383,92.383
FC,92.383,92.2742,92.383,92.2742,92.383,92.2742,92.383,92.383,92.383,92.383,92.383,92.383,FC,92.383,92.383,92.383,92.383,92.383,92.383
FD,92.2742,92.2742,92.2742,92.2742,92.2742,92.2742,93.9064,92.383,93.9064,92.383,93.9064,92.383,FD,93.9064,92.383,93.9064,92.383,93.9064,92.383
FE,92.2742,92.2742,92.2742,92.2742,92.2742,92.2742,93.9064,92.383,93.9064,92.383,93.9064,92.383,FE,93.9064,92.383,93.9064,92.383,93.9064,92.383
FF,92.383,92.2742,92.383,92.2742,92.383,92.2742,92.383,92.383,92.383,92.383,92.383,92.383,FF,92.383,92.383,92.383,92.383,92.383,92.383
FG,92.383,92.2742,92.383,92.2742,92.383,92.2742,92.383,92.383,92.383,92.383,92.383,92.383,FG,92.383,92.383,92.383,92.383,92.383,92.383
FH,92.383,91.0773,92.383,91.0773,92.383,91.0773,92.383,92.383,92.0566,92.383,93.9064,92.383,FH,92.383,92.383,92.0566,92.383,93.9064,92.383
FI,92.383,92.2742,92.383,92.2742,92.383,92.2742,92.383,92.383,92.383,92.383,92.383,92.383,FI,92.383,92.383,92.383,92.383,92.383,92.383
FJ,92.383,92.2742,92.383,92.2742,92.383,92.2742,92.383,92.383,92.383,92.383,92.383,92.383,FJ,92.383,92.383,92.383,92.383,92.383,92.383
FK,92.383,91.0773,92.383,91.0773,92.383,91.0773,92.383,92.383,92.383,92.383,92.383,92.383,FK,92.383,92.383,92.383,92.383,92.383,92.383
FL,93.9064,92.2742,93.9064,92.2742,93.9064,92.2742,93.9064,92.383,93.9064,92.383,93.9064,92.383,FL,93.9064,92.383,93.9064,92.383,93.9064,92.383
FM,92.383,92.2742,92.383,92.2742,92.383,92.2742,93.9064,92.383,93.9064,92.383,93.9064,92.383,FM,93.9064,92.383,93.9064,92.383,93.9064,92.383
FN,92.383,91.0773,92.383,91.0773,92.383,91.0773,93.9064,92.383,93.9064,92.383,93.9064,92.383,FN,93.9064,92.383,93.9064,92.383,93.9064,92.383
FO,92.383,91.0773,92.383,91.0773,92.383,91.0773,92.383,92.383,92.383,92.383,92.383,92.383,FO,92.383,92.383,92.383,92.383,92.383,92.383
FP,93.9064,92.2742,93.9064,92.2742,93.9064,92.2742,93.9064,92.383,93.9064,92.383,93.9064,92.383,FP,93.9064,92.383,93.9064,92.383,93.9064,92.383
FQ,92.383,92.2742,92.383,92.2742,92.383,92.2742,93.9064,92.383,93.9064,92.383,93.9064,92.383,FQ,93.9064,92.383,93.9064,92.383,93.9064,92.383
FR,92.383,91.0773,92.383,91.0773,92.383,91.0773,93.9064,92.383,93.9064,92.383,93.9064,92.383,FR,93.9064,92.383,93.9064,92.383,93.9064,92.383
FS,92.383,92.2742,92.383,92.2742,92.383,92.2742,92.383,92.383,92.383,92.383,92.383,92.383,FS,92.383,92.383,92.383,92.383,92.383,92.383
FT,92.383,92.2742,92.383,92.2742,92.383,92.2742,92.383,92.383,92.383,92.383,92.383,92.383,FT,92.383,92.383,92.383,92.383,92.383,92.383
FU,92.383,92.2742,92.383,92.2742,92.383,92.2742,92.383,92.383,92.383,92.383,92.383,92.383,FU,92.383,92.383,92.383,92.383,92.383,92.383
FV,92.383,92.2742,92.383,92.2742,92.383,92.2742,92.383,92.383,92.383,92.383,92.383,92.383,FV,92.383,92.383,92.383,92.383,92.383,92.383
FW,92.383,92.2742,92.383,92.2742,92.383,92.2742,92.383,92.383,92.383,92.383,92.383,92.383,FW,92.383,92.383,92.383,92.383,92.383,92.383
FX,92.383,92.2742,92.383,92.2742,92.383,92.2742,92.383,92.383,92.383,92.383,92.383,92.383,FX,92.383,92.383,92.383,92.383,92.383,92.383
FY,92.383,92.2742,92.383,92.2742,92.383,92.2742,92.383,92.383,92.383,92.383,92.383,92.383,FY,92.383,92.383,92.383,92.383,92.383,92.383
FZ,92.383,92.2742,92.383,92.2742,92.383,92.2742,92.383,92.383,92.383,92.383,92.383,92.383,FZ,92.383,92.383,92.383,92.383,92.383,92.383
GA,92.383,92.2742,92.383,92.2742,92.383,92.2742,92.383,92.383,92.383,92.383,92.383,92.383,GA,92.383,92.383,92.383,92.383,92.383,92.383
GB,92.383,92.2742,92.383,92.2742,92.383,92.2742,92.383,92.383,92.383,92.383,92.383,92.383,GB,92.383,92.383,92.383,92.383,92.383,92.383
GC,92.383,92.2742,92.383,92.2742,92.383,92.2742,92.383,92.383,92.383,92.383,92.383,92.383,GC,92.383,92.383,92.383,92.383,92.383,92.383
GD,92.383,92.2742,92.383,92.2742,92.383,92.2742,92.383,92.383,92.383,92.383,92.383,92.383,GD,92.383,92.383,92.383,92.383,92.383,92.383
GE,92.383,92.2742,92.383,92.2742,92.383,92.2742,92.383,92.383,92.383,92.383,92.383,92.383,GE,92.383,92.383,92.383,92.383,92.383,92.383
GF,57.4538,85.3101,57.4538,92.2742,44.2873,92.2742,90.2067,92.383,81.0664,92.383,81.0664,92.383,GF,90.2067,92.383,81.0664,92.383,81.0664,92.383
GG,92.383,92.2742,92.383,92.2742,92.383,92.2742,92.383,92.383,92.383,92.383,92.383,92.383,GG,92.383,92.383,92.383,92.383,92.383,92.383
GH,92.383,92.2742,92.383,92.2742,92.383,92.2742,92.383,92.383,92.383,92.383,92.383,92.383,GH,92.383,92.383,92.383,92.383,92.383,92.383
GI,92.383,91.0773,92.383,91.0773,92.383,91.0773,92.383,92.383,92.383,92.383,92.383,92.383,GI,92.383,92.383,92.383,92.383,92.383,92.383
GJ,92.383,92.2742,92.383,92.2742,92.383,92.2742,92.383,92.383,92.383,92.383,92.383,92.383,GJ,92.383,92.383,92.383,92.383,92.383,92.383
GK,92.383,92.2742,92.383,92.2742,92.383,92.2742,92.383,92.383,92.383,92.383,92.383,92.383,GK,92.383,92.383,92.383,92.383,92.383,92.383
GL,92.383,92.2742,92.383,92.2742,92.383,92.2742,92.383,92.383,92.383,92.383,92.383,92.383,GL,92.383,92.383,92.383,92.383,92.383,92.383
GM,92.383,92.2742,92.383,92.2742,92.383,92.2742,92.383,92.383,92.383,92.383,92.383,92.383,GM,92.383,92.383,92.383,92.383,92.383,92.383
GN,92.383,91.0773,92.383,91.0773,92.383,91.0773,92.383,92.383,92.383,92.383,92.383,92.383,GN,92.383,92.383,92.383,92.383,92.383,92.383
GO,92.383,92.2742,92.383,92.2742,92.383,92.2742,92.383,92.383,92.383,92.383,92.383,92.383,GO,92.383,92.383,92.383,92.383,92.383,92.383
GP,93.6888,92.2742,93.6888,92.2742,93.6888,92.2742,92.9271,92.383,92.9271,92.383,92.9271,92.383,GP,92.9271,92.383,92.9271,92.383,92.9271,92.383
GQ,92.7095,92.2742,92.7095,92.2742,82.5898,92.2742,92.383,92.383,92.0566,92.383,92.1654,92.383,GQ,92.383,92.383,92.0566,92.383,92.1654,92.383
GR,92.8183,92.2742,92.8183,92.2742,92.8183,92.2742,92.7095,92.383,93.1447,92.383,93.0359,92.383,GR,92.7095,92.383,93.1447,92.383,93.0359,92.383
GS,92.383,92.2742,92.383,92.2742,92.383,92.2742,93.58,92.383,93.4712,92.383,93.4712,92.383,GS,93.58,92.383,93.4712,92.383,93.4712,92.383
GT,92.383,92.2742,92.383,92.2742,92.383,92.2742,92.383,92.383,92.2742,92.383,92.2742,92.383,GT,92.383,92.383,92.2742,92.383,92.2742,92.383
GU,94.3417,92.2742,93.9064,92.2742,76.605,92.2742,93.6888,92.383,94.0152,92.383,94.0152,92.383,GU,93.6888,92.383,94.0152,92.383,94.0152,92.383
GV,92.383,92.2742,92.383,92.2742,92.383,92.2742,92.383,92.383,92.383,92.383,92.383,92.383,GV,92.383,92.383,92.383,92.383,92.383,92.383
GW,92.383,92.2742,92.383,92.2742,92.383,92.2742,92.383,92.383,92.383,92.383,92.383,92.383,GW,92.383,92.383,92.383,92.383,92.383,92.383
GX,92.383,92.2742,92.383,92.2742,92.383,92.2742,92.383,92.383,92.383,92.383,92.383,92.383,GX,92.383,92.383,92.383,92.383,92.383,92.383
GY,92.383,92.2742,92.383,92.2742,92.383,92.2742,92.383,92.383,92.383,92.383,92.383,92.383,GY,92.383,92.383,92.383,92.383,92.383,92.383
GZ,92.383,92.2742,92.383,92.2742,92.383,92.2742,92.383,92.383,92.383,92.383,92.383,92.383,GZ,92.383,92.383,92.383,92.383,92.383,92.383
HA,92.383,92.2742,92.383,92.2742,92.383,92.2742,92.383,92.383,92.383,92.383,92.383,92.383,HA,92.383,92.383,92.383,92.383,92.383,92.383
HB,92.383,92.2742,92.383,92.2742,92.383,92.2742,92.383,92.383,92.383,92.383,92.383,92.383,HB,92.383,92.383,92.383,92.383,92.383,92.383
HC,92.383,92.2742,92.383,92.2742,92.383,92.2742,92.383,92.383,92.383,92.383,92.383,92.383,HC,92.383,92.383,92.383,92.383,92.383,92.383
HD,92.383,92.2742,92.383,92.2742,92.383,92.2742,92.383,92.383,92.383,92.383,92.383,92.383,HD,92.383,92.383,92.383,92.383,92.383,92.383
HE,92.383,92.2742,92.383,92.2742,92.383,92.2742,92.383,92.383,92.383,92.383,92.383,92.383,HE,92.383,92.383,92.383,92.383,92.383,92.383
HF,92.383,92.2742,92.383,92.2742,92.383,92.2742,92.383,92.383,92.383,92.383,92.383,92.383,HF,92.383,92.383,92.383,92.383,92.383,92.383
HG,92.383,92.2742,92.383,92.2742,92.383,92.2742,92.383,92.383,92.383,92.383,92.383,92.383,HG,92.383,92.383,92.383,92.383,92.383,92.383